Trddt,Clsprc
1999/11/10,3.55
1999/11/11,3.54
1999/11/12,3.59
1999/11/15,3.55
1999/11/16,3.39
1999/11/17,3.48
1999/11/18,3.46
1999/11/19,3.44
1999/11/22,3.38
1999/11/23,3.38
1999/11/24,3.38
1999/11/25,3.38
1999/11/26,3.38
1999/11/29,3.37
1999/11/30,3.38
1999/12/1,3.4
1999/12/2,3.36
1999/12/3,3.37
1999/12/6,3.28
1999/12/7,3.27
1999/12/8,3.26
1999/12/9,3.24
1999/12/10,3.32
1999/12/13,3.31
1999/12/14,3.32
1999/12/15,3.38
1999/12/16,3.32
1999/12/17,3.27
1999/12/21,3.23
1999/12/22,3.22
1999/12/23,3.17
1999/12/24,3.16
1999/12/27,3.14
1999/12/28,3.15
1999/12/29,3.15
1999/12/30,3.16
2000/1/4,3.27
2000/1/5,3.23
2000/1/6,3.32
2000/1/7,3.44
2000/1/10,3.48
2000/1/11,3.35
2000/1/12,3.21
2000/1/13,3.18
2000/1/14,3.09
2000/1/17,3.12
2000/1/18,3.09
2000/1/19,3.09
2000/1/20,3.13
2000/1/21,3.1
2000/1/24,3.09
2000/1/25,3.14
2000/1/26,3.12
2000/1/27,3.14
2000/1/28,3.2
2000/2/14,3.48
2000/2/15,3.28
2000/2/16,3.22
2000/2/17,3.18
2000/2/18,3.16
2000/2/21,3.3
2000/2/22,3.16
2000/2/23,3.15
2000/2/24,3.17
2000/2/25,3.15
2000/2/28,3.21
2000/2/29,3.22
2000/3/1,3.3
2000/3/2,3.25
2000/3/3,3.32
2000/3/6,3.27
2000/3/7,3.3
2000/3/8,3.29
2000/3/9,3.38
2000/3/10,3.28
2000/3/13,3.26
2000/3/14,3.25
2000/3/15,3.21
2000/3/16,3.13
2000/3/17,3.18
2000/3/20,3.2
2000/3/21,3.2
2000/3/22,3.24
2000/3/23,3.26
2000/3/24,3.26
2000/3/27,3.31
2000/3/28,3.26
2000/3/29,3.22
2000/3/30,3.25
2000/3/31,3.22
2000/4/3,3.23
2000/4/4,3.18
2000/4/5,3.22
2000/4/6,3.24
2000/4/7,3.29
2000/4/10,3.27
2000/4/11,3.27
2000/4/12,3.25
2000/4/13,3.27
2000/4/14,3.3
2000/4/17,3.24
2000/4/18,3.24
2000/4/19,3.24
2000/4/20,3.24
2000/4/21,3.22
2000/4/24,3.17
2000/4/25,3.18
2000/4/26,3.2
2000/4/27,3.16
2000/4/28,3.2
2000/5/9,3.12
2000/5/10,3.07
2000/5/11,3.06
2000/5/12,3.06
2000/5/15,2.95
2000/5/16,2.97
2000/5/17,2.96
2000/5/18,2.97
2000/5/19,3
2000/5/22,3.03
2000/5/23,3
2000/5/24,3.02
2000/5/25,3.11
2000/5/26,3.06
2000/5/29,3.04
2000/5/30,2.99
2000/5/31,3
2000/6/1,3
2000/6/2,3.03
2000/6/5,3.02
2000/6/6,3.05
2000/6/7,3.06
2000/6/8,3.06
2000/6/9,3.01
2000/6/12,3.02
2000/6/13,3.05
2000/6/14,3.09
2000/6/15,3.11
2000/6/16,3.07
2000/6/19,3.04
2000/6/20,3.02
2000/6/21,3.03
2000/6/22,3.01
2000/6/23,3.01
2000/6/26,3.01
2000/6/27,2.99
2000/6/28,2.99
2000/6/29,2.98
2000/6/30,3.01
2000/7/3,2.97
2000/7/4,2.97
2000/7/5,2.97
2000/7/6,2.97
2000/7/7,2.99
2000/7/10,2.97
2000/7/11,3.02
2000/7/12,3.04
2000/7/13,3.02
2000/7/14,3.04
2000/7/17,3.01
2000/7/18,3.01
2000/7/19,3.05
2000/7/20,3.02
2000/7/21,3.03
2000/7/24,3
2000/7/25,3.03
2000/7/26,3.01
2000/7/27,3.16
2000/7/28,3.09
2000/7/31,3.1
2000/8/1,3.1
2000/8/2,3.07
2000/8/3,3.08
2000/8/4,3.07
2000/8/7,3.07
2000/8/8,3.08
2000/8/9,3.1
2000/8/10,3.08
2000/8/11,3.08
2000/8/14,3.1
2000/8/15,3.1
2000/8/16,3.11
2000/8/17,3.11
2000/8/18,3.1
2000/8/21,3.09
2000/8/22,3.06
2000/8/23,3.04
2000/8/24,3.04
2000/8/25,3.06
2000/8/28,3.05
2000/8/29,3.03
2000/8/30,3
2000/8/31,2.99
2000/9/1,2.99
2000/9/4,2.98
2000/9/5,2.89
2000/9/6,2.84
2000/9/7,2.85
2000/9/8,2.86
2000/9/11,2.86
2000/9/12,2.88
2000/9/13,2.9
2000/9/14,2.87
2000/9/15,2.85
2000/9/18,2.8
2000/9/19,2.73
2000/9/20,2.74
2000/9/21,2.74
2000/9/22,2.73
2000/9/25,2.74
2000/9/26,2.76
2000/9/27,2.81
2000/9/28,2.77
2000/9/29,2.78
2000/10/9,2.75
2000/10/10,2.83
2000/10/11,2.81
2000/10/12,2.78
2000/10/13,2.8
2000/10/16,2.75
2000/10/17,2.75
2000/10/18,2.76
2000/10/19,2.74
2000/10/20,2.78
2000/10/23,2.79
2000/10/24,2.78
2000/10/25,2.82
2000/10/26,2.79
2000/10/27,2.76
2000/10/30,2.75
2000/10/31,2.74
2000/11/1,2.76
2000/11/2,2.78
2000/11/3,2.76
2000/11/6,2.75
2000/11/7,2.75
2000/11/8,2.76
2000/11/9,2.79
2000/11/10,2.82
2000/11/13,2.84
2000/11/14,2.84
2000/11/15,2.86
2000/11/16,2.84
2000/11/17,2.82
2000/11/20,2.8
2000/11/21,2.82
2000/11/23,2.85
2000/11/24,2.9
2000/11/27,2.84
2000/11/28,2.86
2000/11/29,2.83
2000/11/30,2.83
2000/12/1,2.83
2000/12/4,2.82
2000/12/5,2.83
2000/12/6,2.8
2000/12/7,2.78
2000/12/8,2.79
2000/12/11,2.75
2000/12/12,2.79
2000/12/13,2.76
2000/12/14,2.8
2000/12/15,2.83
2000/12/18,2.85
2000/12/19,2.77
2000/12/20,2.75
2000/12/21,2.74
2000/12/22,2.71
2000/12/25,2.66
2000/12/26,2.65
2000/12/27,2.67
2000/12/28,2.65
2000/12/29,2.67
2001/1/2,2.69
2001/1/3,2.68
2001/1/4,2.66
2001/1/5,2.62
2001/1/8,2.56
2001/1/9,2.6
2001/1/10,2.61
2001/1/11,2.62
2001/1/12,2.62
2001/1/15,2.56
2001/1/16,2.59
2001/1/17,2.61
2001/1/18,2.64
2001/1/19,2.67
2001/2/5,2.6
2001/2/6,2.6
2001/2/7,2.58
2001/2/8,2.56
2001/2/9,2.58
2001/2/12,2.63
2001/2/13,2.6
2001/2/14,2.58
2001/2/15,2.57
2001/2/16,2.56
2001/2/19,2.59
2001/2/20,2.56
2001/2/21,2.49
2001/2/22,2.47
2001/2/23,2.54
2001/2/26,2.57
2001/2/27,2.55
2001/2/28,2.55
2001/3/1,2.56
2001/3/2,2.63
2001/3/5,2.61
2001/3/6,2.61
2001/3/7,2.63
2001/3/8,2.69
2001/3/9,2.69
2001/3/12,2.67
2001/3/13,2.63
2001/3/14,2.65
2001/3/15,2.64
2001/3/16,2.64
2001/3/19,2.64
2001/3/20,2.64
2001/3/21,2.7
2001/3/22,2.72
2001/3/23,2.66
2001/3/26,2.67
2001/3/27,2.7
2001/3/28,2.69
2001/3/29,2.69
2001/3/30,2.7
2001/4/2,2.75
2001/4/3,2.73
2001/4/4,2.7
2001/4/5,2.74
2001/4/6,2.74
2001/4/9,2.73
2001/4/10,2.74
2001/4/11,2.75
2001/4/12,2.73
2001/4/13,2.73
2001/4/16,2.73
2001/4/17,2.7
2001/4/18,2.67
2001/4/19,2.65
2001/4/20,2.64
2001/4/23,2.64
2001/4/24,2.64
2001/4/25,2.59
2001/4/26,2.57
2001/4/27,2.62
2001/4/30,2.59
2001/5/8,2.58
2001/5/9,2.57
2001/5/10,2.58
2001/5/11,2.6
2001/5/14,2.62
2001/5/15,2.62
2001/5/16,2.64
2001/5/17,2.61
2001/5/18,2.59
2001/5/21,2.61
2001/5/22,2.6
2001/5/23,2.63
2001/5/24,2.61
2001/5/25,2.59
2001/5/29,2.57
2001/5/30,2.59
2001/5/31,2.57
2001/6/1,2.6
2001/6/4,2.58
2001/6/5,2.61
2001/6/6,2.62
2001/6/7,2.68
2001/6/8,2.66
2001/6/11,2.66
2001/6/12,2.65
2001/6/13,2.65
2001/6/14,2.6
2001/6/15,2.6
2001/6/18,2.55
2001/6/19,2.55
2001/6/20,2.55
2001/6/21,2.58
2001/6/22,2.6
2001/6/25,2.6
2001/6/26,2.59
2001/6/27,2.58
2001/6/28,2.56
2001/6/29,2.57
2001/7/2,2.56
2001/7/3,2.56
2001/7/4,2.57
2001/7/5,2.59
2001/7/6,2.57
2001/7/9,2.57
2001/7/10,2.57
2001/7/11,2.56
2001/7/12,2.54
2001/7/13,2.52
2001/7/16,2.5
2001/7/17,2.47
2001/7/18,2.48
2001/7/19,2.57
2001/7/20,2.57
2001/7/23,2.57
2001/7/24,2.53
2001/7/25,2.5
2001/7/26,2.53
2001/7/27,2.52
2001/7/30,2.37
2001/7/31,2.29
2001/8/1,2.35
2001/8/2,2.3
2001/8/3,2.29
2001/8/6,2.06
2001/8/7,2
2001/8/8,1.96
2001/8/9,1.98
2001/8/10,2.04
2001/8/13,2.04
2001/8/14,2.05
2001/8/15,2.04
2001/8/16,2.01
2001/8/17,2.01
2001/8/20,2.07
2001/8/21,2.04
2001/8/22,1.99
2001/8/23,2
2001/8/24,1.98
2001/8/27,1.94
2001/8/28,1.98
2001/8/29,1.98
2001/8/30,1.97
2001/8/31,1.98
2001/9/3,1.97
2001/9/4,2.02
2001/9/6,1.99
2001/9/7,1.94
2001/9/10,1.98
2001/9/11,1.97
2001/9/12,1.93
2001/9/13,1.93
2001/9/14,1.91
2001/9/17,1.87
2001/9/18,1.89
2001/9/19,1.99
2001/9/20,1.95
2001/9/21,1.94
2001/9/24,1.93
2001/9/25,1.94
2001/9/26,1.91
2001/9/27,1.92
2001/9/28,1.96
2001/10/8,1.91
2001/10/9,1.94
2001/10/10,1.91
2001/10/11,1.87
2001/10/12,1.96
2001/10/15,2
2001/10/16,1.99
2001/10/17,2.02
2001/10/18,1.99
2001/10/19,1.93
2001/10/22,1.91
2001/10/23,2.1
2001/10/24,2.11
2001/10/25,2.06
2001/10/26,2.11
2001/10/29,2.11
2001/10/30,2.07
2001/10/31,2.08
2001/11/1,2.1
2001/11/2,2.06
2001/11/5,2.03
2001/11/6,2.04
2001/11/7,1.97
2001/11/8,1.99
2001/11/9,2.06
2001/11/12,2.03
2001/11/13,2.02
2001/11/14,2.04
2001/11/15,2.04
2001/11/16,2.06
2001/11/19,2.08
2001/11/20,2.1
2001/11/21,2.15
2001/11/22,2.18
2001/11/23,2.18
2001/11/26,2.15
2001/11/27,2.16
2001/11/28,2.17
2001/11/29,2.14
2001/11/30,2.14
2001/12/3,2.15
2001/12/4,2.19
2001/12/5,2.15
2001/12/6,2.15
2001/12/7,2.12
2001/12/10,2.13
2001/12/11,2.11
2001/12/12,2.08
2001/12/13,2.07
2001/12/14,2.07
2001/12/17,2.07
2001/12/18,2.08
2001/12/19,2.1
2001/12/20,2.04
2001/12/21,2.03
2001/12/24,1.98
2001/12/25,1.97
2001/12/26,1.99
2001/12/27,1.97
2001/12/28,1.98
2001/12/31,2.02
2002/1/4,1.98
2002/1/7,1.93
2002/1/8,1.93
2002/1/9,1.93
2002/1/10,1.93
2002/1/11,1.9
2002/1/14,1.86
2002/1/15,1.83
2002/1/16,1.85
2002/1/17,1.78
2002/1/18,1.79
2002/1/21,1.71
2002/1/22,1.69
2002/1/23,1.78
2002/1/24,1.8
2002/1/25,1.79
2002/1/28,1.68
2002/1/29,1.71
2002/1/30,1.7
2002/1/31,1.82
2002/2/1,1.81
2002/2/5,1.86
2002/2/6,1.82
2002/2/7,1.87
2002/2/8,1.88
2002/2/25,1.83
2002/2/26,1.8
2002/2/27,1.81
2002/2/28,1.79
2002/3/1,1.78
2002/3/4,1.8
2002/3/5,1.83
2002/3/6,1.84
2002/3/7,1.9
2002/3/8,1.94
2002/3/11,1.98
2002/3/12,1.94
2002/3/13,2.08
2002/3/14,2.14
2002/3/15,2.11
2002/3/18,2.17
2002/3/19,2.19
2002/3/20,2.19
2002/3/21,2.2
2002/3/22,2.17
2002/3/25,2.18
2002/3/26,2.14
2002/3/27,2.16
2002/3/28,2.17
2002/3/29,2.11
2002/4/1,2.12
2002/4/2,2.11
2002/4/3,2.16
2002/4/4,2.18
2002/4/5,2.18
2002/4/8,2.18
2002/4/9,2.16
2002/4/10,2.17
2002/4/11,2.13
2002/4/12,2.14
2002/4/15,2.13
2002/4/16,2.13
2002/4/17,2.11
2002/4/18,2.11
2002/4/19,2.14
2002/4/22,2.11
2002/4/23,2.11
2002/4/24,2.09
2002/4/25,2.05
2002/4/26,2.07
2002/4/29,2.09
2002/4/30,2.12
2002/5/8,2.11
2002/5/9,2.11
2002/5/10,2.08
2002/5/13,2.05
2002/5/14,2.02
2002/5/15,1.98
2002/5/16,1.93
2002/5/17,1.96
2002/5/20,1.92
2002/5/21,1.97
2002/5/22,1.94
2002/5/23,1.93
2002/5/24,1.91
2002/5/27,1.9
2002/5/28,1.89
2002/5/29,1.86
2002/5/30,1.86
2002/5/31,1.85
2002/6/3,1.82
2002/6/4,1.86
2002/6/5,1.83
2002/6/6,1.89
2002/6/7,1.9
2002/6/10,1.9
2002/6/11,1.9
2002/6/12,1.89
2002/6/13,1.86
2002/6/14,1.85
2002/6/17,1.85
2002/6/18,1.89
2002/6/19,1.87
2002/6/20,1.89
2002/6/21,1.96
2002/6/24,2.16
2002/6/25,2.23
2002/6/26,2.2
2002/6/27,2.2
2002/7/1,2.23
2002/7/2,2.26
2002/7/3,2.28
2002/7/4,2.24
2002/7/5,2.24
2002/7/8,2.24
2002/7/9,2.23
2002/7/10,2.16
2002/7/11,2.16
2002/7/12,2.17
2002/7/15,2.22
2002/7/16,2.22
2002/7/17,2.22
2002/7/18,2.23
2002/7/19,2.29
2002/7/22,2.24
2002/7/23,2.25
2002/7/24,2.26
2002/7/25,2.23
2002/7/26,2.2
2002/7/29,2.21
2002/7/30,2.26
2002/7/31,2.25
2002/8/1,2.24
2002/8/2,2.25
2002/8/5,2.22
2002/8/6,2.23
2002/8/7,2.24
2002/8/8,2.24
2002/8/9,2.24
2002/8/12,2.23
2002/8/13,2.18
2002/8/14,2.18
2002/8/15,2.18
2002/8/16,2.18
2002/8/19,2.22
2002/8/20,2.34
2002/8/21,2.37
2002/8/22,2.4
2002/8/23,2.5
2002/8/26,2.49
2002/8/27,2.46
2002/8/28,2.46
2002/8/29,2.44
2002/8/30,2.44
2002/9/2,2.44
2002/9/3,2.54
2002/9/4,2.51
2002/9/5,2.46
2002/9/6,2.43
2002/9/9,2.39
2002/9/10,2.41
2002/9/11,2.41
2002/9/12,2.41
2002/9/13,2.41
2002/9/16,2.32
2002/9/17,2.33
2002/9/18,2.31
2002/9/19,2.36
2002/9/23,2.32
2002/9/24,2.32
2002/9/25,2.33
2002/9/26,2.33
2002/9/27,2.32
2002/10/8,2.25
2002/10/9,2.22
2002/10/10,2.15
2002/10/11,2.11
2002/10/14,2.11
2002/10/15,2.07
2002/10/16,2.13
2002/10/17,2.08
2002/10/18,2.12
2002/10/21,2.13
2002/10/22,2.17
2002/10/23,2.15
2002/10/24,2.12
2002/10/25,2.11
2002/10/28,2.07
2002/10/29,2.1
2002/10/30,2.09
2002/10/31,2.09
2002/11/1,2.09
2002/11/4,2.15
2002/11/5,2.19
2002/11/6,2.18
2002/11/7,2.21
2002/11/8,2.15
2002/11/11,2.09
2002/11/12,2.13
2002/11/13,2.12
2002/11/14,2.09
2002/11/15,2.1
2002/11/18,2.09
2002/11/19,2.1
2002/11/20,2.04
2002/11/21,1.99
2002/11/22,2
2002/11/25,2
2002/11/26,1.96
2002/11/27,1.96
2002/11/28,2.01
2002/11/29,2.02
2002/12/2,1.97
2002/12/3,1.99
2002/12/4,1.99
2002/12/5,1.97
2002/12/6,1.97
2002/12/9,1.97
2002/12/10,1.95
2002/12/11,1.94
2002/12/12,1.93
2002/12/13,1.94
2002/12/16,1.95
2002/12/17,1.95
2002/12/18,1.95
2002/12/19,1.95
2002/12/20,1.96
2002/12/23,1.97
2002/12/24,1.95
2002/12/25,1.94
2002/12/26,1.88
2002/12/27,1.84
2002/12/30,1.89
2002/12/31,1.92
2003/1/2,1.81
2003/1/9,1.82
2003/1/10,1.88
2003/1/13,1.82
2003/1/14,2
2003/1/15,1.96
2003/1/16,1.95
2003/1/17,1.99
2003/1/20,1.94
2003/1/21,1.89
2003/1/22,1.89
2003/1/23,1.87
2003/1/24,1.93
2003/1/27,1.97
2003/1/28,1.99
2003/1/29,2.01
2003/2/10,1.97
2003/2/11,1.99
2003/2/12,2.01
2003/2/13,1.98
2003/2/14,1.98
2003/2/17,1.95
2003/2/18,1.94
2003/2/19,1.96
2003/2/20,1.94
2003/2/21,1.88
2003/2/24,1.88
2003/2/25,1.91
2003/2/26,1.91
2003/2/27,1.95
2003/2/28,1.92
2003/3/3,1.93
2003/3/4,1.97
2003/3/5,1.95
2003/3/6,1.92
2003/3/7,1.92
2003/3/10,1.9
2003/3/11,1.9
2003/3/12,1.91
2003/3/13,1.9
2003/3/14,1.91
2003/3/17,1.91
2003/3/18,1.94
2003/3/19,2
2003/3/20,2
2003/3/21,2.04
2003/3/24,2.04
2003/3/25,2.02
2003/3/26,2.05
2003/3/27,2.13
2003/3/28,2.14
2003/3/31,2.18
2003/4/1,2.18
2003/4/2,2.18
2003/4/3,2.14
2003/4/4,2.2
2003/4/7,2.22
2003/4/8,2.22
2003/4/9,2.28
2003/4/10,2.3
2003/4/11,2.32
2003/4/14,2.42
2003/4/15,2.43
2003/4/16,2.52
2003/4/17,2.49
2003/4/18,2.39
2003/4/21,2.36
2003/4/22,2.37
2003/4/23,2.33
2003/4/24,2.22
2003/4/28,2.44
2003/4/30,2.52
2003/5/12,2.68
2003/5/13,2.54
2003/5/14,2.61
2003/5/15,2.63
2003/5/16,2.64
2003/5/19,2.59
2003/5/20,2.52
2003/5/21,2.54
2003/5/22,2.66
2003/5/23,2.66
2003/5/26,2.69
2003/5/27,2.71
2003/5/28,2.63
2003/5/29,2.61
2003/5/30,2.62
2003/6/2,2.63
2003/6/3,2.57
2003/6/4,2.61
2003/6/5,2.58
2003/6/6,2.53
2003/6/9,2.46
2003/6/10,2.46
2003/6/11,2.52
2003/6/12,2.49
2003/6/13,2.5
2003/6/16,2.44
2003/6/17,2.39
2003/6/18,2.4
2003/6/19,2.42
2003/6/20,2.35
2003/6/23,2.33
2003/6/24,2.32
2003/6/25,2.28
2003/6/26,2.31
2003/6/27,2.29
2003/6/30,2.3
2003/7/1,2.32
2003/7/2,2.38
2003/7/3,2.36
2003/7/4,2.31
2003/7/7,2.3
2003/7/8,2.32
2003/7/9,2.28
2003/7/10,2.36
2003/7/11,2.37
2003/7/14,2.36
2003/7/15,2.37
2003/7/16,2.39
2003/7/17,2.42
2003/7/18,2.35
2003/7/21,2.32
2003/7/22,2.26
2003/7/23,2.28
2003/7/24,2.27
2003/7/25,2.22
2003/7/28,2.19
2003/7/29,2.2
2003/7/30,2.19
2003/7/31,2.18
2003/8/1,2.2
2003/8/4,2.25
2003/8/5,2.24
2003/8/6,2.2
2003/8/7,2.22
2003/8/8,2.18
2003/8/11,2.2
2003/8/12,2.22
2003/8/13,2.19
2003/8/14,2.17
2003/8/15,2.15
2003/8/18,2.14
2003/8/19,2.14
2003/8/20,2.13
2003/8/21,2.11
2003/8/22,2.07
2003/8/25,2.03
2003/8/26,2.04
2003/8/27,2.03
2003/8/28,2
2003/8/29,2.04
2003/9/1,2.07
2003/9/2,2.03
2003/9/3,2.04
2003/9/4,2.03
2003/9/5,1.98
2003/9/8,1.97
2003/9/9,1.96
2003/9/10,1.98
2003/9/11,1.99
2003/9/12,1.96
2003/9/15,1.92
2003/9/16,1.89
2003/9/17,1.85
2003/9/18,1.86
2003/9/19,1.91
2003/9/22,1.88
2003/9/23,1.96
2003/9/24,1.97
2003/9/25,1.95
2003/9/26,1.94
2003/9/29,1.87
2003/9/30,1.88
2003/10/8,1.87
2003/10/9,1.87
2003/10/10,1.91
2003/10/13,1.91
2003/10/14,1.87
2003/10/15,1.82
2003/10/16,1.81
2003/10/17,1.84
2003/10/20,1.81
2003/10/21,1.77
2003/10/22,1.83
2003/10/23,1.82
2003/10/24,1.79
2003/10/27,1.77
2003/10/28,1.81
2003/10/29,1.88
2003/10/30,1.85
2003/10/31,1.85
2003/11/3,1.87
2003/11/4,1.92
2003/11/5,1.91
2003/11/6,1.85
2003/11/7,1.81
2003/11/10,1.82
2003/11/11,1.81
2003/11/12,1.73
2003/11/13,1.72
2003/11/14,1.74
2003/11/17,1.72
2003/11/18,1.69
2003/11/19,1.72
2003/11/20,1.78
2003/11/21,1.76
2003/11/24,1.86
2003/11/25,1.88
2003/11/26,1.87
2003/11/27,1.83
2003/11/28,1.83
2003/12/1,1.91
2003/12/2,1.88
2003/12/3,1.89
2003/12/4,1.94
2003/12/5,1.93
2003/12/8,1.9
2003/12/9,1.89
2003/12/10,1.95
2003/12/11,2.01
2003/12/15,2.01
2003/12/16,1.98
2003/12/17,1.96
2003/12/18,1.97
2003/12/19,1.97
2003/12/22,2.04
2003/12/23,2.06
2003/12/24,2.07
2003/12/25,2.05
2003/12/26,2.06
2003/12/29,2.03
2003/12/30,2.07
2003/12/31,2.07
2004/1/2,2.07
2004/1/5,2.17
2004/1/6,2.24
2004/1/7,2.28
2004/1/8,2.29
2004/1/9,2.26
2004/1/12,2.35
2004/1/13,2.31
2004/1/14,2.24
2004/1/15,2.24
2004/1/16,2.24
2004/1/29,2.3
2004/1/30,2.21
2004/2/2,2.3
2004/2/3,2.34
2004/2/4,2.36
2004/2/5,2.41
2004/2/6,2.41
2004/2/9,2.43
2004/2/10,2.36
2004/2/11,2.31
2004/2/12,2.27
2004/2/13,2.27
2004/2/16,2.35
2004/2/17,2.32
2004/2/18,2.31
2004/2/19,2.26
2004/2/20,2.3
2004/2/23,2.22
2004/2/24,2.16
2004/2/25,2.1
2004/2/26,2.12
2004/2/27,2.14
2004/3/1,2.12
2004/3/2,2.15
2004/3/3,2.12
2004/3/4,2.14
2004/3/5,2.1
2004/3/8,2.04
2004/3/9,2.04
2004/3/10,2.11
2004/3/11,2.12
2004/3/12,2.09
2004/3/15,2.18
2004/3/16,2.18
2004/3/17,2.2
2004/3/18,2.15
2004/3/19,2.17
2004/3/22,2.23
2004/3/23,2.2
2004/3/24,2.17
2004/3/25,2.19
2004/3/26,2.18
2004/3/29,2.17
2004/3/31,2.14
2004/4/1,2.19
2004/4/2,2.19
2004/4/5,2.2
2004/4/6,2.2
2004/4/7,2.16
2004/4/8,2.09
2004/4/9,2.07
2004/4/12,2.07
2004/4/13,2.03
2004/4/14,2
2004/4/15,1.99
2004/4/16,2.03
2004/4/19,2.01
2004/4/20,2.02
2004/4/21,1.98
2004/4/22,1.98
2004/4/23,1.94
2004/4/26,1.97
2004/4/27,1.98
2004/4/28,1.94
2004/4/29,1.93
2004/4/30,1.89
2004/5/10,1.85
2004/5/11,1.85
2004/5/12,1.89
2004/5/13,1.9
2004/5/14,1.86
2004/5/17,1.83
2004/5/18,1.85
2004/5/19,1.85
2004/5/20,1.84
2004/5/21,1.86
2004/5/24,1.85
2004/5/25,1.84
2004/5/26,1.86
2004/5/27,1.89
2004/5/28,1.87
2004/6/1,1.9
2004/6/2,1.89
2004/6/3,1.85
2004/6/4,1.85
2004/6/7,1.84
2004/6/8,1.79
2004/6/9,1.77
2004/6/10,1.79
2004/6/11,1.75
2004/6/14,1.71
2004/6/15,1.78
2004/6/16,1.78
2004/6/17,1.75
2004/6/18,1.73
2004/6/21,1.76
2004/6/22,1.76
2004/6/23,1.76
2004/6/24,1.75
2004/6/25,1.73
2004/6/28,1.72
2004/6/29,1.76
2004/6/30,1.75
2004/7/1,1.79
2004/7/2,1.8
2004/7/5,1.82
2004/7/6,1.83
2004/7/7,1.81
2004/7/8,1.83
2004/7/9,1.82
2004/7/12,1.78
2004/7/13,1.79
2004/7/14,1.81
2004/7/15,1.86
2004/7/16,1.87
2004/7/19,1.89
2004/7/20,1.87
2004/7/21,1.87
2004/7/22,1.83
2004/7/23,1.84
2004/7/26,1.85
2004/7/27,1.85
2004/7/28,1.8
2004/7/29,1.83
2004/7/30,1.81
2004/8/2,1.79
2004/8/3,1.7
2004/8/4,1.73
2004/8/5,1.68
2004/8/6,1.69
2004/8/9,1.71
2004/8/10,1.73
2004/8/11,1.73
2004/8/12,1.71
2004/8/13,1.73
2004/8/16,1.73
2004/8/17,1.73
2004/8/18,1.74
2004/8/19,1.74
2004/8/20,1.75
2004/8/23,1.71
2004/8/24,1.72
2004/8/25,1.71
2004/8/26,1.71
2004/8/27,1.7
2004/8/30,1.71
2004/8/31,1.74
2004/9/1,1.69
2004/9/2,1.7
2004/9/3,1.69
2004/9/6,1.67
2004/9/7,1.69
2004/9/8,1.69
2004/9/9,1.67
2004/9/10,1.67
2004/9/13,1.63
2004/9/14,1.68
2004/9/15,1.73
2004/9/16,1.75
2004/9/17,1.8
2004/9/20,1.86
2004/9/21,1.83
2004/9/22,1.77
2004/9/23,1.83
2004/9/24,1.79
2004/9/27,1.73
2004/9/28,1.74
2004/9/29,1.71
2004/9/30,1.69
2004/10/8,1.7
2004/10/11,1.69
2004/10/12,1.65
2004/10/13,1.66
2004/10/14,1.64
2004/10/15,1.64
2004/10/18,1.6
2004/10/19,1.6
2004/10/20,1.56
2004/10/21,1.45
2004/10/22,1.46
2004/10/25,1.43
2004/10/26,1.46
2004/10/27,1.48
2004/10/28,1.5
2004/10/29,1.48
2004/11/1,1.46
2004/11/2,1.48
2004/11/3,1.49
2004/11/4,1.47
2004/11/5,1.48
2004/11/8,1.48
2004/11/9,1.47
2004/11/10,1.53
2004/11/11,1.51
2004/11/12,1.52
2004/11/15,1.51
2004/11/16,1.52
2004/11/17,1.5
2004/11/18,1.5
2004/11/19,1.52
2004/11/22,1.53
2004/11/23,1.5
2004/11/24,1.49
2004/11/25,1.47
2004/11/26,1.48
2004/11/29,1.46
2004/11/30,1.44
2004/12/1,1.44
2004/12/2,1.44
2004/12/3,1.44
2004/12/6,1.44
2004/12/7,1.45
2004/12/8,1.46
2004/12/9,1.48
2004/12/10,1.46
2004/12/13,1.45
2004/12/14,1.43
2004/12/15,1.43
2004/12/16,1.44
2004/12/17,1.43
2004/12/20,1.41
2004/12/21,1.39
2004/12/22,1.41
2004/12/23,1.42
2004/12/24,1.42
2004/12/27,1.4
2004/12/28,1.4
2004/12/29,1.39
2004/12/30,1.39
2004/12/31,1.39
2005/1/4,1.37
2005/1/5,1.35
2005/1/6,1.33
2005/1/7,1.33
2005/1/10,1.38
2005/1/11,1.4
2005/1/12,1.39
2005/1/13,1.39
2005/1/14,1.38
2005/1/17,1.35
2005/1/18,1.37
2005/1/19,1.35
2005/1/20,1.34
2005/1/21,1.47
2005/1/24,1.52
2005/1/25,1.49
2005/1/26,1.48
2005/1/27,1.45
2005/1/28,1.48
2005/1/31,1.47
2005/2/1,1.49
2005/2/2,1.57
2005/2/3,1.53
2005/2/4,1.62
2005/2/16,1.6
2005/2/17,1.57
2005/2/18,1.55
2005/2/21,1.61
2005/2/22,1.62
2005/2/23,1.58
2005/2/24,1.57
2005/2/25,1.59
2005/2/28,1.54
2005/3/1,1.52
2005/3/2,1.51
2005/3/3,1.54
2005/3/4,1.53
2005/3/7,1.52
2005/3/8,1.55
2005/3/9,1.51
2005/3/10,1.48
2005/3/11,1.48
2005/3/14,1.47
2005/3/15,1.43
2005/3/16,1.43
2005/3/17,1.42
2005/3/18,1.43
2005/3/21,1.44
2005/3/22,1.36
2005/3/23,1.38
2005/3/24,1.38
2005/3/25,1.37
2005/3/28,1.37
2005/3/29,1.38
2005/3/30,1.34
2005/3/31,1.38
2005/4/1,1.44
2005/4/4,1.39
2005/4/5,1.4
2005/4/6,1.43
2005/4/7,1.47
2005/4/8,1.5
2005/4/11,1.49
2005/4/12,1.47
2005/4/13,1.49
2005/4/14,1.46
2005/4/15,1.45
2005/4/18,1.42
2005/4/19,1.44
2005/4/20,1.38
2005/4/21,1.38
2005/4/22,1.39
2005/4/25,1.39
2005/4/26,1.4
2005/4/28,1.37
2005/4/29,1.4
2005/5/9,1.37
2005/5/10,1.4
2005/5/11,1.41
2005/5/12,1.38
2005/5/13,1.39
2005/5/16,1.39
2005/5/17,1.41
2005/5/18,1.4
2005/5/19,1.43
2005/5/20,1.41
2005/5/23,1.38
2005/5/24,1.39
2005/5/25,1.38
2005/5/26,1.37
2005/5/27,1.36
2005/5/30,1.38
2005/5/31,1.36
2005/6/1,1.34
2005/6/2,1.31
2005/6/3,1.34
2005/6/6,1.35
2005/6/7,1.35
2005/6/8,1.45
2005/6/9,1.44
2005/6/10,1.45
2005/6/13,1.44
2005/6/14,1.43
2005/6/15,1.42
2005/6/16,1.48
2005/6/17,1.51
2005/6/20,1.53
2005/6/21,1.54
2005/6/22,1.56
2005/6/23,1.54
2005/6/24,1.54
2005/6/27,1.55
2005/6/29,1.53
2005/6/30,1.55
2005/7/1,1.49
2005/7/4,1.51
2005/7/5,1.5
2005/7/6,1.5
2005/7/7,1.49
2005/7/8,1.46
2005/7/11,1.48
2005/7/12,1.59
2005/7/13,1.57
2005/7/14,1.57
2005/7/15,1.58
2005/7/18,1.6
2005/7/19,1.6
2005/7/20,1.6
2005/7/21,1.6
2005/7/22,1.66
2005/7/25,1.68
2005/7/26,1.68
2005/7/27,1.68
2005/7/28,1.68
2005/7/29,1.69
2005/8/1,1.65
2005/8/2,1.66
2005/8/3,1.67
2005/8/4,1.66
2005/8/5,1.71
2005/8/8,1.72
2005/8/9,1.72
2005/8/10,1.75
2005/8/11,1.78
2005/8/12,1.72
2005/8/15,1.75
2005/8/16,1.72
2005/8/17,1.73
2005/8/18,1.67
2005/8/19,1.7
2005/8/22,1.7
2005/8/23,1.68
2005/8/24,1.72
2005/8/25,1.73
2005/8/26,1.72
2005/8/29,1.71
2005/8/30,1.71
2005/8/31,1.72
2005/9/1,1.75
2005/9/2,1.75
2005/9/5,1.73
2005/9/6,1.7
2005/9/7,1.71
2005/9/8,1.73
2005/9/9,1.72
2005/9/12,1.74
2005/9/13,1.75
2005/9/14,1.79
2005/9/15,1.8
2005/9/16,1.8
2005/9/19,1.79
2005/9/20,1.76
2005/9/21,1.72
2005/9/22,1.68
2005/9/23,1.66
2005/9/26,1.66
2005/9/27,1.63
2005/9/29,1.66
2005/9/30,1.68
2005/10/10,1.7
2005/10/11,1.72
2005/10/12,1.72
2005/10/13,1.72
2005/10/14,1.67
2005/10/17,1.68
2005/10/18,1.65
2005/10/19,1.7
2005/10/20,1.78
2005/10/21,1.77
2005/10/24,1.77
2005/10/25,1.74
2005/10/26,1.69
2005/10/27,1.68
2005/10/28,1.68
2005/10/31,1.73
2005/11/1,1.74
2005/11/2,1.73
2005/11/3,1.66
2005/11/4,1.68
2005/11/7,1.65
2005/11/8,1.68
2005/11/9,1.7
2005/11/10,1.68
2005/11/11,1.69
2005/11/14,1.65
2005/11/15,1.65
2005/11/16,1.67
2005/11/17,1.67
2005/11/18,1.75
2005/11/21,1.74
2005/11/22,1.71
2005/11/23,1.74
2005/11/24,1.77
2005/11/25,1.77
2005/11/28,1.75
2005/11/29,1.75
2005/11/30,1.79
2005/12/1,1.76
2005/12/2,1.78
2005/12/5,1.77
2005/12/6,1.8
2005/12/7,1.8
2005/12/8,1.78
2005/12/9,1.84
2005/12/12,1.85
2005/12/13,1.85
2005/12/14,1.89
2005/12/15,1.89
2005/12/16,1.89
2005/12/19,1.88
2005/12/20,1.94
2005/12/21,1.94
2005/12/22,1.97
2005/12/23,1.97
2005/12/26,2
2005/12/27,1.96
2005/12/28,1.96
2005/12/29,1.97
2005/12/30,1.98
2006/1/4,2.08
2006/1/5,2.11
2006/1/6,2.17
2006/1/9,2.15
2006/1/10,2.15
2006/1/11,2.16
2006/1/12,2.17
2006/1/13,2.11
2006/1/16,2.04
2006/1/17,2.09
2006/1/18,2.22
2006/1/19,2.26
2006/1/20,2.25
2006/1/23,2.23
2006/1/24,2.21
2006/1/25,2.28
2006/2/6,2.34
2006/2/7,2.28
2006/2/8,2.3
2006/2/9,2.24
2006/2/10,2.24
2006/2/13,2.24
2006/2/14,2.26
2006/2/16,2.29
2006/2/17,2.35
2006/2/20,2.37
2006/2/21,2.41
2006/2/22,2.4
2006/2/23,2.43
2006/2/24,2.47
2006/3/9,2.23
2006/3/10,2.2
2006/3/13,2.23
2006/3/14,2.16
2006/3/15,2.18
2006/3/16,2.2
2006/3/17,2.18
2006/3/20,2.2
2006/5/12,2.69
2006/5/15,2.66
2006/5/16,2.64
2006/5/17,2.67
2006/5/18,2.62
2006/5/19,2.66
2006/5/22,2.6
2006/5/23,2.51
2006/5/24,2.63
2006/5/25,2.66
2006/5/26,2.73
2006/5/29,2.73
2006/5/31,2.66
2006/6/1,2.71
2006/6/2,2.67
2006/6/5,2.65
2006/6/6,2.61
2006/6/7,2.42
2006/6/8,2.39
2006/6/9,2.34
2006/6/12,2.42
2006/6/13,2.37
2006/6/14,2.33
2006/6/16,2.48
2006/6/19,2.46
2006/6/20,2.53
2006/6/21,2.51
2006/6/22,2.56
2006/6/23,2.62
2006/6/26,2.67
2006/6/27,2.62
2006/6/28,2.6
2006/6/29,2.64
2006/6/30,2.64
2006/7/3,2.75
2006/7/4,2.7
2006/7/5,2.58
2006/7/6,2.6
2006/7/7,2.55
2006/7/10,2.58
2006/7/11,2.6
2006/7/12,2.59
2006/7/13,2.48
2006/7/14,2.5
2006/7/17,2.5
2006/7/18,2.5
2006/7/19,2.46
2006/7/20,2.47
2006/7/21,2.51
2006/7/24,2.52
2006/7/25,2.48
2006/7/26,2.48
2006/7/27,2.45
2006/7/28,2.42
2006/7/31,2.35
2006/8/1,2.34
2006/8/2,2.32
2006/8/3,2.37
2006/8/4,2.36
2006/8/7,2.37
2006/8/8,2.43
2006/8/9,2.4
2006/8/10,2.46
2006/8/11,2.47
2006/8/14,2.46
2006/8/15,2.51
2006/8/16,2.54
2006/8/17,2.49
2006/8/18,2.48
2006/8/21,2.51
2006/8/22,2.56
2006/8/23,2.58
2006/8/24,2.58
2006/8/25,2.56
2006/8/28,2.64
2006/8/29,2.61
2006/8/30,2.6
2006/8/31,2.62
2006/9/1,2.56
2006/9/4,2.6
2006/9/5,2.64
2006/9/6,2.68
2006/9/7,2.68
2006/9/8,2.74
2006/9/11,2.83
2006/9/12,2.8
2006/9/13,2.82
2006/9/14,2.79
2006/9/15,2.79
2006/9/18,2.74
2006/9/19,2.77
2006/9/20,2.83
2006/9/21,2.91
2006/9/22,2.84
2006/9/25,2.76
2006/9/26,2.71
2006/9/27,2.78
2006/9/28,2.79
2006/9/29,2.83
2006/10/9,3.12
2006/10/10,3.15
2006/10/11,3.19
2006/10/12,3.23
2006/10/13,3.25
2006/10/16,3.31
2006/10/17,3.22
2006/10/18,3.45
2006/10/19,3.46
2006/10/20,3.51
2006/10/23,3.41
2006/10/24,3.5
2006/10/25,3.68
2006/10/26,3.74
2006/10/27,3.66
2006/10/30,3.58
2006/10/31,3.73
2006/11/1,3.69
2006/11/2,3.56
2006/11/3,3.62
2006/11/6,3.62
2006/11/7,3.84
2006/11/8,3.73
2006/11/9,3.93
2006/11/10,4.05
2006/11/13,3.85
2006/11/14,4
2006/11/15,4.06
2006/11/22,4.38
2006/11/23,4.42
2006/11/24,4.28
2006/11/27,4.15
2006/11/28,4.23
2006/11/29,4.25
2006/11/30,4.49
2006/12/1,4.41
2006/12/4,4.59
2006/12/5,4.61
2006/12/6,4.54
2006/12/7,4.56
2006/12/8,4.37
2006/12/11,4.52
2006/12/12,4.61
2006/12/13,4.53
2006/12/14,4.5
2006/12/15,4.71
2006/12/18,4.81
2006/12/19,4.75
2006/12/20,4.7
2006/12/21,4.59
2006/12/22,4.64
2006/12/25,4.9
2006/12/26,4.84
2006/12/27,5.17
2006/12/28,5.38
2006/12/29,5.69
2007/1/4,5.73
2007/1/5,5.56
2007/1/8,5.67
2007/1/9,6.08
2007/1/10,6.31
2007/1/11,6.2
2007/1/12,6.03
2007/1/15,6.39
2007/1/16,6.35
2007/1/17,6.12
2007/1/18,5.71
2007/1/19,5.82
2007/1/22,6.03
2007/1/23,6.63
2007/1/24,6.59
2007/1/25,6.5
2007/1/26,7.09
2007/1/29,7.26
2007/1/30,7.03
2007/1/31,6.67
2007/2/1,6.56
2007/2/2,6.14
2007/2/5,5.79
2007/2/6,6.18
2007/2/7,6.41
2007/2/8,6.28
2007/2/9,6.02
2007/2/12,6.44
2007/2/13,6.57
2007/2/14,6.68
2007/2/15,6.84
2007/2/16,6.8
2007/2/26,6.48
2007/2/27,5.83
2007/2/28,5.96
2007/3/1,5.84
2007/3/2,5.86
2007/3/5,5.78
2007/3/6,6.3
2007/3/7,6.38
2007/3/8,6.45
2007/3/9,6.62
2007/3/12,6.41
2007/3/13,6.3
2007/3/14,6.11
2007/3/15,6.43
2007/3/16,6.17
2007/3/19,6.77
2007/3/20,6.68
2007/3/21,6.98
2007/3/22,7.01
2007/3/23,6.88
2007/3/26,6.89
2007/3/27,6.76
2007/3/28,6.92
2007/3/29,7.12
2007/3/30,7.13
2007/4/2,7.48
2007/4/3,7.47
2007/4/4,7.6
2007/4/5,7.76
2007/4/6,7.54
2007/4/9,7.63
2007/4/10,7.82
2007/4/11,8.15
2007/4/12,8.02
2007/4/13,7.96
2007/4/16,8.19
2007/4/17,7.96
2007/4/18,7.69
2007/4/19,7.21
2007/4/20,7.46
2007/4/23,7.63
2007/4/24,7.46
2007/4/25,7.69
2007/4/26,7.57
2007/4/27,7.34
2007/4/30,7.18
2007/5/8,7.51
2007/5/9,7.71
2007/5/10,7.82
2007/5/11,7.82
2007/5/14,7.81
2007/5/15,7.23
2007/5/16,7.3
2007/5/17,7.46
2007/5/18,7.4
2007/5/21,7.35
2007/5/23,7.39
2007/5/24,7.77
2007/5/25,7.86
2007/5/28,7.91
2007/5/29,7.93
2007/5/30,8.19
2007/5/31,9.01
2007/6/1,8.81
2007/6/4,8.66
2007/6/5,8.75
2007/6/6,8.61
2007/6/7,8.74
2007/6/8,8.43
2007/6/11,8.63
2007/6/12,8.64
2007/6/13,8.98
2007/6/14,9.13
2007/6/15,9.58
2007/6/18,9.87
2007/6/19,9.87
2007/6/20,9.42
2007/6/21,9.72
2007/6/22,9.98
2007/6/25,10.11
2007/6/26,9.93
2007/6/27,10.32
2007/6/28,10.03
2007/6/29,9.77
2007/7/2,9.47
2007/7/3,9.58
2007/7/4,9.15
2007/7/5,8.95
2007/7/6,9.25
2007/7/9,9.51
2007/7/10,9.65
2007/7/11,9.73
2007/7/12,9.96
2007/7/13,9.73
2007/7/16,9.31
2007/7/17,9.7
2007/7/18,9.8
2007/7/19,10.02
2007/7/20,11.01
2007/7/23,11.17
2007/7/24,11.21
2007/7/25,11.34
2007/7/26,11.09
2007/7/27,10.85
2007/7/30,10.99
2007/7/31,10.79
2007/8/1,10.82
2007/8/2,11.21
2007/8/3,11.85
2007/8/6,12.07
2007/8/7,11.82
2007/8/8,11.79
2007/8/9,12.11
2007/8/10,11.95
2007/8/13,11.79
2007/8/14,12.19
2007/8/15,12.31
2007/8/16,11.86
2007/8/17,11.27
2007/8/20,12.05
2007/8/21,12.57
2007/8/22,13.24
2007/8/23,13.39
2007/8/24,14.12
2007/8/27,13.94
2007/8/28,13.94
2007/8/29,13.9
2007/8/30,14.19
2007/8/31,14.74
2007/9/3,15.02
2007/9/4,14.57
2007/9/5,14.26
2007/9/6,14.27
2007/9/7,13.91
2007/9/10,14.26
2007/9/11,13.66
2007/9/12,13.34
2007/9/13,13.64
2007/9/14,13.64
2007/9/17,13.82
2007/9/18,13.37
2007/9/19,13.27
2007/9/20,13.33
2007/9/21,13.13
2007/9/24,13.45
2007/9/25,13.33
2007/9/26,13.05
2007/9/27,13.51
2007/9/28,14.07
2007/10/8,14.77
2007/10/9,14.74
2007/10/10,14.51
2007/10/11,15
2007/10/12,14.74
2007/10/15,14.46
2007/10/16,14.76
2007/10/17,14.67
2007/10/18,13.84
2007/10/19,13.72
2007/10/22,13.94
2007/10/23,14.09
2007/10/24,14.73
2007/10/25,14.76
2007/10/26,15.56
2007/10/29,15.56
2007/10/30,15.48
2007/10/31,15.76
2007/11/1,15.99
2007/11/2,15.51
2007/11/5,14.72
2007/11/6,14.53
2007/11/7,14.92
2007/11/8,14.19
2007/11/9,14.39
2007/11/12,14.86
2007/11/13,14.17
2007/11/14,14.45
2007/11/15,14.68
2007/11/16,14.17
2007/11/19,13.61
2007/11/20,13.48
2007/11/21,13.23
2007/11/22,12.57
2007/11/23,12.86
2007/11/26,12.82
2007/11/27,12.78
2007/11/28,12.85
2007/11/29,13.86
2007/11/30,13.91
2007/12/3,14.38
2007/12/4,14.25
2007/12/5,14.46
2007/12/6,14.95
2007/12/7,14.9
2007/12/10,14.54
2007/12/11,14.22
2007/12/12,13.38
2007/12/13,12.99
2007/12/14,13.26
2007/12/17,12.47
2007/12/18,12.33
2007/12/19,12.7
2007/12/20,13.24
2007/12/21,13.17
2007/12/24,13.42
2007/12/25,13.46
2007/12/26,13.42
2007/12/27,13.82
2007/12/28,14.15
2008/1/2,14.35
2008/1/3,13.63
2008/1/4,14.21
2008/1/7,15.01
2008/1/8,15.11
2008/1/9,15.24
2008/1/10,15.27
2008/1/11,16.51
2008/1/14,15.86
2008/1/15,15.85
2008/1/16,14.96
2008/1/17,15.13
2008/1/18,15.29
2008/1/21,14.49
2008/1/22,13.4
2008/1/23,13.99
2008/1/24,13.79
2008/1/25,14.26
2008/1/28,13.56
2008/1/29,13.5
2008/1/30,12.79
2008/1/31,12.33
2008/2/1,12.66
2008/2/4,13.92
2008/2/5,13.78
2008/2/13,13.13
2008/2/14,13.41
2008/2/15,13.08
2008/2/18,13.46
2008/2/19,13.69
2008/2/20,12.32
2008/2/21,11.59
2008/2/22,10.71
2008/2/25,10.45
2008/2/26,10.85
2008/2/27,10.89
2008/2/28,10.96
2008/2/29,11.29
2008/3/3,11.48
2008/3/4,10.45
2008/3/5,10.49
2008/3/6,10.75
2008/3/7,10.57
2008/3/10,9.77
2008/3/11,9.5
2008/3/12,8.92
2008/3/13,9.05
2008/3/14,8.69
2008/3/17,8.74
2008/3/18,8.73
2008/3/20,9.3
2008/3/21,9.19
2008/3/24,8.27
2008/3/25,8.42
2008/3/26,8.85
2008/3/27,8.91
2008/3/28,9.6
2008/3/31,9.49
2008/4/1,9.47
2008/4/2,9.73
2008/4/3,9.78
2008/4/7,10.04
2008/4/8,10
2008/4/9,9.23
2008/4/10,9.22
2008/4/11,9.33
2008/4/14,8.63
2008/4/15,8.6
2008/4/16,8.39
2008/4/17,8.18
2008/4/18,8.18
2008/4/21,8.32
2008/4/22,8.74
2008/4/23,9.46
2008/4/24,10.4
2008/4/25,10.26
2008/4/28,10.23
2008/4/29,10.43
2008/4/30,11.34
2008/5/5,11.43
2008/5/6,11.08
2008/5/7,10.26
2008/5/8,10.36
2008/5/9,9.83
2008/5/12,10.25
2008/5/13,9.99
2008/5/14,10.86
2008/5/15,10.53
2008/5/16,10.72
2008/5/19,10.58
2008/5/20,10.01
2008/5/21,10
2008/5/22,9.7
2008/5/23,9.89
2008/5/26,9.54
2008/5/27,9.55
2008/5/28,10
2008/5/29,9.64
2008/5/30,9.84
2008/6/2,9.96
2008/6/3,10.04
2008/6/4,9.93
2008/6/5,10.08
2008/6/6,10.01
2008/6/10,9.01
2008/6/11,8.66
2008/6/12,8.45
2008/6/13,8.36
2008/6/16,8.4
2008/6/17,8.43
2008/6/18,8.83
2008/6/19,8.06
2008/6/20,8.54
2008/6/23,8.41
2008/6/24,8.58
2008/6/25,8.72
2008/6/26,8.59
2008/6/27,8.05
2008/6/30,7.7
2008/7/1,7.05
2008/7/2,7.07
2008/7/3,7.15
2008/7/4,7.33
2008/7/7,7.84
2008/7/8,7.84
2008/7/9,8.2
2008/7/10,8.29
2008/7/11,8.15
2008/7/14,8.23
2008/7/15,7.64
2008/7/16,7.28
2008/7/17,7.15
2008/7/18,7.46
2008/7/21,7.75
2008/7/22,7.7
2008/7/23,7.67
2008/7/24,8.29
2008/7/25,8.37
2008/7/28,8.42
2008/7/29,8.24
2008/7/30,8.2
2008/7/31,7.95
2008/8/1,8.36
2008/8/4,8.15
2008/8/5,8.14
2008/8/6,8.3
2008/8/7,8.11
2008/8/8,7.59
2008/8/11,7.67
2008/8/12,7.54
2008/8/13,7.45
2008/8/14,7.39
2008/8/15,7.44
2008/8/18,7.04
2008/8/19,7.19
2008/8/20,7.9
2008/8/21,7.67
2008/8/22,7.43
2008/8/25,7.44
2008/8/26,7.26
2008/8/27,7.35
2008/8/28,7.46
2008/8/29,7.69
2008/9/1,7.24
2008/9/2,7.03
2008/9/3,6.72
2008/9/4,6.63
2008/9/5,6.3
2008/9/8,6.19
2008/9/9,6.2
2008/9/10,6.04
2008/9/11,5.58
2008/9/12,5.58
2008/9/16,5.02
2008/9/17,4.67
2008/9/18,4.86
2008/9/19,5.34
2008/9/22,5.88
2008/9/23,5.48
2008/9/24,5.37
2008/9/25,5.49
2008/9/26,5.47
2008/10/6,4.92
2008/10/7,4.85
2008/10/8,4.53
2008/10/9,4.51
2008/10/10,4.31
2008/10/13,4.74
2008/10/14,4.67
2008/10/15,4.87
2008/10/16,4.61
2008/10/17,4.67
2008/10/20,4.93
2008/10/21,4.75
2008/10/22,4.64
2008/10/23,4.52
2008/10/24,4.25
2008/10/27,3.85
2008/10/28,4.24
2008/10/29,4.15
2008/10/30,4.26
2008/10/31,4.11
2008/11/3,4.18
2008/11/4,4.21
2008/11/5,4.47
2008/11/6,4.25
2008/11/7,4.47
2008/11/10,4.91
2008/11/11,4.84
2008/11/12,4.96
2008/11/13,5.18
2008/11/14,5.23
2008/11/17,5.34
2008/11/18,4.81
2008/11/19,5.17
2008/11/21,4.97
2008/11/24,4.64
2008/11/25,4.6
2008/11/26,4.55
2008/11/27,4.52
2008/11/28,4.2
2008/12/1,4.27
2008/12/2,4.22
2008/12/3,4.52
2008/12/4,4.68
2008/12/5,4.75
2008/12/8,5.17
2008/12/9,4.95
2008/12/10,5.4
2008/12/11,5.2
2008/12/12,4.86
2008/12/15,4.91
2008/12/16,4.91
2008/12/17,4.83
2008/12/18,5.19
2008/12/19,5.14
2008/12/22,4.98
2008/12/23,4.78
2008/12/24,4.81
2008/12/25,4.71
2008/12/26,4.69
2008/12/29,4.61
2008/12/30,4.66
2008/12/31,4.64
2009/1/5,4.8
2009/1/6,5.07
2009/1/7,5
2009/1/8,4.78
2009/1/9,4.93
2009/1/12,5.01
2009/1/13,4.9
2009/1/14,5.29
2009/1/15,5.29
2009/1/16,5.47
2009/1/19,5.59
2009/1/20,5.67
2009/1/21,5.73
2009/1/22,5.77
2009/1/23,5.84
2009/2/2,5.71
2009/2/3,5.84
2009/2/4,6.14
2009/2/5,5.99
2009/2/6,6.15
2009/2/9,6.23
2009/2/10,6.21
2009/2/11,6.15
2009/2/12,5.93
2009/2/13,6.09
2009/2/16,6.34
2009/2/17,6.22
2009/2/18,5.95
2009/2/19,5.84
2009/2/20,5.89
2009/2/23,6.15
2009/2/24,5.75
2009/2/25,5.98
2009/2/26,6.02
2009/2/27,6.22
2009/3/2,6.17
2009/3/3,5.93
2009/3/4,6.52
2009/3/5,6.72
2009/3/6,6.8
2009/3/9,6.49
2009/3/10,6.63
2009/3/11,6.51
2009/3/12,6.4
2009/3/13,6.37
2009/3/16,6.65
2009/3/17,6.87
2009/3/18,6.79
2009/3/19,6.9
2009/3/20,6.76
2009/3/23,7.07
2009/3/24,7.17
2009/3/25,7.27
2009/3/26,7.6
2009/3/27,7.76
2009/3/30,7.7
2009/3/31,7.67
2009/4/1,7.63
2009/4/2,7.65
2009/4/3,7.8
2009/4/7,7.66
2009/4/8,7.33
2009/4/9,7.71
2009/4/10,7.78
2009/4/13,7.89
2009/4/14,7.96
2009/4/15,7.88
2009/4/16,7.86
2009/4/17,7.71
2009/4/20,7.89
2009/4/21,7.73
2009/4/22,7.59
2009/4/23,7.59
2009/4/24,7.48
2009/4/27,7.29
2009/4/28,7.37
2009/4/29,8.07
2009/4/30,8.11
2009/5/4,8.34
2009/5/6,8.57
2009/5/7,8.61
2009/5/8,8.69
2009/5/11,8.72
2009/5/12,8.89
2009/5/13,8.86
2009/5/14,8.69
2009/5/15,8.8
2009/5/18,8.81
2009/5/19,9.1
2009/5/20,8.95
2009/5/21,8.68
2009/5/22,8.68
2009/5/25,8.71
2009/5/26,8.61
2009/5/27,8.98
2009/6/1,9.26
2009/6/2,9.14
2009/6/3,10.06
2009/6/4,10.52
2009/6/5,10.6
2009/6/8,10.71
2009/6/9,10.52
2009/6/10,10.37
2009/6/11,10.39
2009/6/12,10.09
2009/6/15,10.57
2009/6/16,10.39
2009/6/17,10.45
2009/6/18,10.56
2009/6/19,10.76
2009/6/22,10.93
2009/6/23,11.08
2009/6/24,11.03
2009/6/25,10.93
2009/6/26,11.34
2009/6/29,11.46
2009/6/30,11.36
2009/7/1,11.92
2009/7/2,12.08
2009/7/3,12.31
2009/7/6,12.54
2009/7/7,12.12
2009/7/8,12
2009/7/9,12.07
2009/7/10,11.96
2009/7/13,11.57
2009/7/14,11.95
2009/7/15,11.98
2009/7/16,12.38
2009/7/17,12.37
2009/7/20,12.48
2009/7/21,12.28
2009/7/22,12.43
2009/7/23,12.61
2009/7/24,12.47
2009/7/27,12.68
2009/7/28,12.63
2009/7/29,12.35
2009/7/30,13.27
2009/7/31,13.41
2009/8/3,13.38
2009/8/4,12.99
2009/8/5,12.65
2009/8/6,12.43
2009/8/7,12.28
2009/8/10,12.06
2009/8/11,12.02
2009/8/12,11.41
2009/8/13,11.79
2009/8/14,11.62
2009/8/17,11.03
2009/8/18,11.04
2009/8/19,10.53
2009/8/20,10.98
2009/8/21,11.21
2009/8/24,11.03
2009/8/25,10.26
2009/8/26,10.21
2009/8/27,9.95
2009/8/28,9.38
2009/8/31,8.81
2009/9/1,9.15
2009/9/2,9.51
2009/9/3,9.99
2009/9/4,9.96
2009/9/7,9.84
2009/9/8,9.98
2009/9/9,9.91
2009/9/10,9.74
2009/9/11,10.63
2009/9/14,10.67
2009/9/15,10.76
2009/9/16,10.43
2009/9/17,10.61
2009/9/18,10.1
2009/9/21,9.8
2009/9/22,9.41
2009/9/23,9.47
2009/9/24,9.9
2009/9/25,9.65
2009/9/28,9.43
2009/9/29,9.71
2009/9/30,9.7
2009/10/9,10.36
2009/10/12,10.24
2009/10/13,10.43
2009/10/14,10.51
2009/10/15,10.55
2009/10/16,10.65
2009/10/19,11.02
2009/10/20,11.26
2009/10/21,11.18
2009/10/22,11.07
2009/10/23,11.31
2009/10/26,11.27
2009/10/27,10.86
2009/10/28,10.78
2009/10/29,10.65
2009/10/30,10.73
2009/11/2,11.34
2009/11/3,11.44
2009/11/4,11.69
2009/11/5,11.63
2009/11/6,11.67
2009/11/9,11.61
2009/11/10,11.6
2009/11/11,11.48
2009/11/12,11.41
2009/11/13,11.56
2009/11/16,11.85
2009/11/17,11.87
2009/11/18,11.84
2009/11/19,11.75
2009/11/20,11.66
2009/11/23,11.65
2009/11/24,11.36
2009/11/25,11.44
2009/11/26,10.86
2009/11/27,10.59
2009/11/30,10.87
2009/12/1,10.89
2009/12/2,10.99
2009/12/3,10.91
2009/12/4,11.45
2009/12/7,11.36
2009/12/8,11.09
2009/12/9,10.82
2009/12/10,10.91
2009/12/11,10.91
2009/12/14,11.09
2009/12/15,10.87
2009/12/16,10.8
2009/12/17,10.56
2009/12/18,10.23
2009/12/21,10.19
2009/12/22,9.88
2009/12/23,9.9
2009/12/24,10.21
2009/12/25,10.05
2009/12/28,10.25
2009/12/29,10.33
2009/12/30,10.68
2009/12/31,10.71
2010/1/4,10.46
2010/1/5,10.54
2010/1/6,10.33
2010/1/7,10.1
2010/1/8,10.21
2010/1/11,10.21
2010/1/12,10.27
2010/1/13,9.79
2010/1/14,9.86
2010/1/15,9.89
2010/1/18,9.99
2010/1/19,10.05
2010/1/20,9.77
2010/1/21,10.11
2010/1/22,10.32
2010/1/25,10.1
2010/1/26,10.21
2010/1/27,9.8
2010/1/28,9.73
2010/1/29,9.69
2010/2/1,9.49
2010/2/2,9.5
2010/2/3,9.82
2010/2/4,9.71
2010/2/5,9.59
2010/2/8,9.49
2010/2/9,9.59
2010/2/10,9.72
2010/2/11,9.7
2010/2/12,9.78
2010/2/22,9.72
2010/2/23,9.62
2010/2/24,9.71
2010/2/25,10.24
2010/3/11,10.52
2010/3/12,10.39
2010/3/15,10.21
2010/3/16,10.46
2010/3/17,10.7
2010/3/18,10.71
2010/3/19,10.76
2010/3/22,10.96
2010/3/23,10.86
2010/3/24,10.88
2010/3/25,10.67
2010/3/26,10.99
2010/3/29,11.34
2010/3/31,11.25
2010/4/1,11.28
2010/4/2,11.31
2010/4/6,11.35
2010/4/7,11.25
2010/4/8,11.15
2010/4/9,11.32
2010/4/12,11.07
2010/4/13,11.37
2010/4/14,11.3
2010/4/15,11.24
2010/4/16,10.89
2010/4/19,10.15
2010/4/20,10.14
2010/4/21,10.3
2010/4/22,9.97
2010/4/23,10.07
2010/4/26,10.1
2010/4/27,9.93
2010/4/29,9.97
2010/4/30,10.16
2010/5/4,9.97
2010/5/5,10.03
2010/5/6,9.4
2010/5/7,9.16
2010/5/10,9.37
2010/5/11,9.26
2010/5/12,9.47
2010/5/13,9.73
2010/5/14,9.58
2010/5/17,9.21
2010/5/18,9.55
2010/5/19,9.51
2010/5/20,9.34
2010/5/21,9.49
2010/5/24,9.74
2010/5/25,9.45
2010/5/26,9.43
2010/5/27,9.53
2010/5/28,9.44
2010/5/31,9.15
2010/6/1,9.09
2010/6/2,9.08
2010/6/3,8.98
2010/6/4,8.97
2010/6/7,8.71
2010/6/8,8.59
2010/6/9,9.13
2010/6/10,8.86
2010/6/11,8.94
2010/6/17,8.96
2010/6/18,8.99
2010/6/21,9.37
2010/6/22,9.37
2010/6/23,9.22
2010/6/24,9.28
2010/6/25,9.31
2010/6/28,9.33
2010/6/29,8.9
2010/6/30,8.8
2010/7/1,8.73
2010/7/2,8.84
2010/7/5,8.75
2010/7/6,8.95
2010/7/7,8.9
2010/7/8,8.92
2010/7/9,9.2
2010/7/12,9.33
2010/7/13,9.17
2010/7/14,9.32
2010/7/15,9.12
2010/7/16,9.15
2010/7/19,9.4
2010/7/20,9.48
2010/7/21,9.48
2010/7/22,9.57
2010/7/23,9.65
2010/7/26,9.63
2010/7/27,9.45
2010/7/28,9.75
2010/7/29,9.75
2010/7/30,9.69
2010/8/2,9.9
2010/8/3,9.64
2010/8/4,9.57
2010/8/5,9.4
2010/8/6,9.5
2010/8/9,9.44
2010/8/10,9.1
2010/8/11,9.13
2010/8/12,8.98
2010/8/13,9.05
2010/8/16,9.25
2010/8/17,9.32
2010/8/18,9.25
2010/8/19,9.35
2010/8/20,9.18
2010/8/23,9.28
2010/8/24,9.3
2010/8/25,9.07
2010/8/26,9.04
2010/8/27,9.04
2010/8/30,9.12
2010/8/31,9.05
2010/9/1,9.05
2010/9/2,9.1
2010/9/3,9.02
2010/9/6,9.2
2010/9/7,9.16
2010/9/8,8.98
2010/9/9,8.76
2010/9/10,8.74
2010/9/13,8.73
2010/9/14,8.73
2010/9/15,8.62
2010/9/16,8.42
2010/9/17,8.38
2010/9/21,8.37
2010/9/27,8.36
2010/9/28,8.14
2010/9/29,8.08
2010/9/30,8.38
2010/10/8,8.64
2010/10/11,8.98
2010/10/12,9.03
2010/10/13,9.34
2010/10/14,9.31
2010/10/15,9.86
2010/10/18,9.93
2010/10/19,9.93
2010/10/20,9.88
2010/10/21,9.5
2010/10/22,9.41
2010/10/25,9.52
2010/10/26,9.46
2010/10/27,9.33
2010/10/28,9.42
2010/10/29,9.37
2010/11/1,9.48
2010/11/2,9.38
2010/11/3,9.5
2010/11/4,9.51
2010/11/5,9.52
2010/11/8,9.64
2010/11/9,9.39
2010/11/10,9.13
2010/11/11,9.21
2010/11/12,8.65
2010/11/15,8.75
2010/11/16,8.43
2010/11/17,8.49
2010/11/18,8.53
2010/11/19,8.49
2010/11/22,8.32
2010/11/23,8.19
2010/11/24,8.27
2010/11/25,8.41
2010/11/26,8.43
2010/11/29,8.38
2010/11/30,8.21
2010/12/1,8.24
2010/12/2,8.27
2010/12/3,8.29
2010/12/6,8.44
2010/12/7,8.45
2010/12/8,8.35
2010/12/9,8.21
2010/12/10,8.27
2010/12/13,8.41
2010/12/14,8.38
2010/12/15,8.37
2010/12/16,8.27
2010/12/17,8.23
2010/12/20,8.04
2010/12/21,8.27
2010/12/22,8.11
2010/12/23,8.21
2010/12/24,8.24
2010/12/27,8.09
2010/12/28,8.01
2010/12/29,8.01
2010/12/30,7.96
2010/12/31,8.01
2011/1/4,8.16
2011/1/5,8.22
2011/1/6,8.19
2011/1/7,8.56
2011/1/10,8.45
2011/1/11,8.67
2011/1/12,8.73
2011/1/13,8.63
2011/1/14,8.5
2011/1/17,8.16
2011/1/18,8.21
2011/1/19,8.29
2011/1/20,8.07
2011/1/21,8.25
2011/1/24,8.24
2011/1/25,8.32
2011/1/26,8.33
2011/1/27,8.3
2011/1/28,8.21
2011/1/31,8.23
2011/2/1,8.25
2011/2/9,8.17
2011/2/10,8.26
2011/2/11,8.25
2011/2/14,8.5
2011/2/15,8.43
2011/2/16,8.38
2011/2/17,8.46
2011/2/18,8.43
2011/2/21,8.41
2011/2/22,8.18
2011/2/23,8.16
2011/2/24,8.15
2011/2/25,8.18
2011/2/28,8.22
2011/3/1,8.38
2011/3/2,8.52
2011/3/3,8.7
2011/3/4,8.77
2011/3/7,8.8
2011/3/8,8.82
2011/3/9,8.8
2011/3/10,8.56
2011/3/11,8.47
2011/3/14,8.49
2011/3/15,8.35
2011/3/16,8.41
2011/3/17,8.32
2011/3/18,8.34
2011/3/21,8.37
2011/3/22,8.52
2011/3/23,8.59
2011/3/24,8.52
2011/3/25,8.67
2011/3/28,8.69
2011/3/29,8.81
2011/3/30,8.96
2011/3/31,8.81
2011/4/1,9.15
2011/4/6,9.44
2011/4/7,9.41
2011/4/8,9.39
2011/4/11,9.4
2011/4/12,9.33
2011/4/13,9.7
2011/4/14,9.68
2011/4/15,9.75
2011/4/18,9.7
2011/4/19,9.42
2011/4/20,9.39
2011/4/21,9.41
2011/4/22,9.35
2011/4/25,9.4
2011/4/26,9.54
2011/4/27,9.46
2011/4/29,9.24
2011/5/3,9.24
2011/5/4,8.95
2011/5/5,8.98
2011/5/6,8.94
2011/5/9,8.9
2011/5/10,9.04
2011/5/11,8.98
2011/5/12,8.83
2011/5/13,8.95
2011/5/16,8.85
2011/5/17,9
2011/5/18,9.15
2011/5/19,9.15
2011/5/20,9.21
2011/5/23,8.96
2011/5/24,8.96
2011/5/25,8.8
2011/5/26,8.83
2011/5/27,8.85
2011/5/30,8.93
2011/5/31,8.96
2011/6/1,8.89
2011/6/2,8.54
2011/6/3,8.59
2011/6/7,8.6
2011/6/8,8.44
2011/6/9,8.25
2011/6/10,8.29
2011/6/13,8.33
2011/6/14,8.44
2011/6/15,8.27
2011/6/16,8.18
2011/6/17,8.14
2011/6/20,8.21
2011/6/21,8.24
2011/6/22,8.2
2011/6/23,8.29
2011/6/24,8.6
2011/6/27,8.57
2011/6/28,8.51
2011/6/29,8.31
2011/6/30,8.37
2011/7/1,8.29
2011/7/4,8.6
2011/7/5,8.55
2011/7/6,8.44
2011/7/7,8.45
2011/7/8,8.63
2011/7/11,8.55
2011/7/12,8.41
2011/7/13,8.52
2011/7/14,8.6
2011/7/15,8.59
2011/7/18,8.51
2011/7/19,8.38
2011/7/20,8.37
2011/7/21,8.28
2011/7/22,8.25
2011/7/25,8.03
2011/7/26,8.02
2011/7/27,7.99
2011/7/28,7.85
2011/7/29,8
2011/8/1,7.93
2011/8/2,7.88
2011/8/3,7.88
2011/8/4,7.9
2011/8/5,7.68
2011/8/8,7.43
2011/8/9,7.55
2011/8/10,7.58
2011/8/11,7.74
2011/8/12,7.68
2011/8/15,7.97
2011/8/16,7.96
2011/8/17,7.9
2011/8/18,7.76
2011/8/19,7.68
2011/8/22,7.64
2011/8/23,7.81
2011/8/24,7.74
2011/8/25,8.07
2011/8/26,8.05
2011/8/29,7.81
2011/8/30,7.82
2011/8/31,7.91
2011/9/1,7.97
2011/9/2,7.91
2011/9/5,7.79
2011/9/6,7.75
2011/9/7,7.91
2011/9/8,7.88
2011/9/9,7.91
2011/9/13,7.79
2011/9/14,7.74
2011/9/15,7.62
2011/9/16,7.64
2011/9/19,7.5
2011/9/20,7.54
2011/9/21,7.74
2011/9/22,7.51
2011/9/23,7.43
2011/9/26,7.18
2011/9/27,7.25
2011/9/28,7.17
2011/9/29,7.19
2011/9/30,7.27
2011/10/10,7.17
2011/10/11,7.29
2011/10/12,7.53
2011/10/13,7.55
2011/10/14,7.51
2011/10/17,7.59
2011/10/18,7.47
2011/10/19,7.52
2011/10/20,7.43
2011/10/21,7.57
2011/10/24,7.8
2011/10/25,7.8
2011/10/26,7.81
2011/10/27,7.88
2011/10/28,7.98
2011/10/31,7.84
2011/11/1,7.81
2011/11/2,7.97
2011/11/3,7.86
2011/11/4,7.92
2011/11/7,7.81
2011/11/8,7.84
2011/11/9,7.89
2011/11/10,7.7
2011/11/11,7.73
2011/11/14,7.84
2011/11/15,7.81
2011/11/16,7.59
2011/11/17,7.54
2011/11/18,7.49
2011/11/21,7.44
2011/11/22,7.45
2011/11/23,7.4
2011/11/24,7.4
2011/11/25,7.34
2011/11/28,7.32
2011/11/29,7.43
2011/11/30,7.23
2011/12/1,7.5
2011/12/2,7.49
2011/12/5,7.49
2011/12/6,7.43
2011/12/7,7.47
2011/12/8,7.47
2011/12/9,7.4
2011/12/12,7.37
2011/12/13,7.3
2011/12/14,7.32
2011/12/15,7.23
2011/12/16,7.34
2011/12/19,7.33
2011/12/20,7.31
2011/12/21,7.26
2011/12/22,7.26
2011/12/23,7.27
2011/12/26,7.21
2011/12/27,7.18
2011/12/28,7.13
2011/12/29,7.11
2011/12/30,7.23
2012/1/4,7.16
2012/1/5,7.36
2012/1/6,7.41
2012/1/9,7.62
2012/1/10,7.72
2012/1/11,7.66
2012/1/12,7.74
2012/1/13,7.69
2012/1/16,7.63
2012/1/17,7.83
2012/1/18,7.69
2012/1/19,7.83
2012/1/20,8.02
2012/1/30,7.85
2012/1/31,7.85
2012/2/1,7.73
2012/2/2,8
2012/2/3,8.03
2012/2/6,7.99
2012/2/7,7.86
2012/2/8,8.04
2012/2/9,8
2012/2/10,7.97
2012/2/13,7.89
2012/2/14,7.82
2012/2/15,7.85
2012/2/16,7.82
2012/2/17,7.88
2012/2/20,7.88
2012/2/21,7.9
2012/2/22,7.93
2012/2/23,7.94
2012/2/24,8.09
2012/2/27,8.07
2012/2/28,8.22
2012/2/29,8.12
2012/3/1,8.13
2012/3/2,8.25
2012/3/5,8.15
2012/3/6,8.03
2012/3/7,7.95
2012/3/8,8.05
2012/3/9,8.06
2012/3/12,7.98
2012/3/13,8.06
2012/3/14,7.97
2012/3/15,7.82
2012/3/16,7.87
2012/3/19,7.9
2012/3/20,7.76
2012/3/21,7.73
2012/3/22,7.76
2012/3/23,7.71
2012/3/26,7.77
2012/3/27,7.76
2012/3/28,7.63
2012/3/29,7.55
2012/3/30,7.6
2012/4/5,7.6
2012/4/6,7.61
2012/4/9,7.52
2012/4/10,7.59
2012/4/11,7.57
2012/4/12,7.76
2012/4/13,7.78
2012/4/16,7.71
2012/4/17,7.6
2012/4/18,7.76
2012/4/19,7.76
2012/4/20,7.92
2012/4/23,7.86
2012/4/24,7.98
2012/4/25,7.96
2012/4/26,7.97
2012/4/27,8.01
2012/5/2,8.14
2012/5/3,8.05
2012/5/4,8.08
2012/5/7,8.02
2012/5/8,7.97
2012/5/9,7.83
2012/5/10,7.8
2012/5/11,7.8
2012/5/14,7.73
2012/5/15,7.69
2012/5/16,7.58
2012/5/17,7.63
2012/5/18,7.54
2012/5/21,7.55
2012/5/22,7.63
2012/5/23,7.57
2012/5/24,7.53
2012/5/25,7.48
2012/5/28,7.55
2012/5/29,7.62
2012/5/30,7.51
2012/5/31,7.46
2012/6/1,7.47
2012/6/4,7.31
2012/6/5,7.28
2012/6/6,7.34
2012/6/7,7.28
2012/6/8,7.1
2012/6/11,7.1
2012/6/12,7.05
2012/6/14,7.04
2012/6/15,7.21
2012/6/18,7.2
2012/6/19,7.23
2012/6/20,7.23
2012/6/21,7.18
2012/6/25,7.11
2012/6/26,7.11
2012/6/27,7.11
2012/6/28,7.07
2012/6/29,7.18
2012/7/2,7.14
2012/7/3,7.14
2012/7/4,7.17
2012/7/5,7.12
2012/7/6,7.04
2012/7/9,6.77
2012/7/10,6.8
2012/7/11,6.81
2012/7/12,6.77
2012/7/13,6.82
2012/7/16,6.74
2012/7/17,6.79
2012/7/18,6.77
2012/7/19,6.79
2012/7/20,6.72
2012/7/23,6.58
2012/7/24,6.59
2012/7/25,6.54
2012/7/26,6.53
2012/7/27,6.61
2012/7/30,6.67
2012/7/31,6.76
2012/8/1,6.75
2012/8/2,6.84
2012/8/3,6.83
2012/8/6,6.81
2012/8/7,6.79
2012/8/8,6.82
2012/8/9,6.84
2012/8/10,6.89
2012/8/13,6.84
2012/8/14,6.89
2012/8/15,6.69
2012/8/16,6.65
2012/8/17,6.66
2012/8/20,6.64
2012/8/21,6.63
2012/8/22,6.64
2012/8/23,6.64
2012/8/24,6.61
2012/8/27,6.53
2012/8/28,6.71
2012/8/29,6.66
2012/8/30,6.72
2012/8/31,6.72
2012/9/3,6.69
2012/9/4,6.59
2012/9/5,6.46
2012/9/6,6.51
2012/9/7,6.71
2012/9/10,6.67
2012/9/11,6.61
2012/9/12,6.6
2012/9/13,6.58
2012/9/14,6.64
2012/9/17,6.54
2012/9/18,6.49
2012/9/19,6.48
2012/9/20,6.38
2012/9/21,6.36
2012/9/24,6.33
2012/9/25,6.32
2012/9/26,6.28
2012/9/27,6.46
2012/9/28,6.51
2012/10/8,6.46
2012/10/9,6.58
2012/10/10,6.57
2012/10/11,6.54
2012/10/12,6.58
2012/10/15,6.54
2012/10/16,6.59
2012/10/17,6.66
2012/10/18,6.73
2012/10/19,6.69
2012/10/22,6.75
2012/10/23,6.68
2012/10/24,6.7
2012/10/25,6.65
2012/10/26,6.59
2012/10/29,6.59
2012/10/30,6.6
2012/10/31,6.63
2012/11/1,6.74
2012/11/2,6.78
2012/11/5,6.82
2012/11/6,6.78
2012/11/7,6.79
2012/11/8,6.66
2012/11/9,6.65
2012/11/12,6.74
2012/11/13,6.61
2012/11/14,6.62
2012/11/15,6.55
2012/11/16,6.5
2012/11/19,6.51
2012/11/20,6.49
2012/11/21,6.59
2012/11/22,6.57
2012/11/23,6.63
2012/11/26,6.59
2012/11/27,6.59
2012/11/28,6.57
2012/11/29,6.54
2012/11/30,6.59
2012/12/3,6.49
2012/12/4,6.56
2012/12/5,6.96
2012/12/6,6.96
2012/12/7,7.29
2012/12/10,7.35
2012/12/11,7.31
2012/12/12,7.41
2012/12/13,7.32
2012/12/14,7.86
2012/12/17,8.01
2012/12/18,8.07
2012/12/19,7.99
2012/12/20,8
2012/12/21,7.92
2012/12/24,8.02
2012/12/25,8.34
2012/12/26,8.35
2012/12/27,8.29
2012/12/28,8.47
2012/12/31,8.76
2013/1/4,8.85
2013/1/7,9.11
2013/1/8,8.93
2013/1/9,8.95
2013/1/10,8.86
2013/1/11,8.67
2013/1/14,9.14
2013/1/15,9.12
2013/1/16,8.93
2013/1/17,8.85
2013/1/18,8.97
2013/1/21,9.18
2013/1/22,9.25
2013/1/23,9.36
2013/1/24,9.37
2013/1/25,9.41
2013/1/28,9.87
2013/1/29,9.97
2013/1/30,9.92
2013/1/31,10.13
2013/2/1,10.55
2013/2/4,10.65
2013/2/5,10.48
2013/2/6,10.59
2013/2/7,10.09
2013/2/8,10.01
2013/2/18,9.94
2013/2/19,9.8
2013/2/20,9.54
2013/2/21,9.02
2013/2/22,8.95
2013/2/25,9.11
2013/2/26,9.12
2013/2/27,9.17
2013/2/28,9.76
2013/3/1,9.86
2013/3/4,9.17
2013/3/5,9.77
2013/3/6,9.81
2013/3/7,9.5
2013/3/8,9.45
2013/3/11,9.24
2013/3/12,9.08
2013/3/13,9.05
2013/3/14,9.22
2013/3/15,9.28
2013/3/18,9.25
2013/3/19,9.4
2013/3/20,9.88
2013/3/21,9.8
2013/3/22,9.76
2013/3/25,9.75
2013/3/26,9.45
2013/3/27,9.5
2013/3/28,8.85
2013/3/29,8.94
2013/4/1,8.87
2013/4/2,8.85
2013/4/3,8.88
2013/4/8,8.76
2013/4/9,8.86
2013/4/10,8.83
2013/4/11,8.85
2013/4/12,8.77
2013/4/15,8.68
2013/4/16,8.6
2013/4/17,8.47
2013/4/18,8.5
2013/4/19,8.95
2013/4/22,9.02
2013/4/23,8.69
2013/4/24,8.85
2013/4/25,8.75
2013/4/26,8.72
2013/5/2,8.67
2013/5/3,8.84
2013/5/6,8.94
2013/5/7,8.88
2013/5/8,8.87
2013/5/9,8.8
2013/5/10,8.85
2013/5/13,8.85
2013/5/14,8.8
2013/5/15,8.82
2013/5/16,8.96
2013/5/17,9.04
2013/5/20,9.19
2013/5/21,9.13
2013/5/22,9.15
2013/5/23,8.96
2013/5/24,9
2013/5/27,9.08
2013/5/28,9.31
2013/5/29,9.29
2013/5/30,9.3
2013/5/31,9.24
2013/6/3,9.17
2013/6/4,9.07
2013/6/5,8.99
2013/6/6,8.8
2013/6/7,8.71
2013/6/13,8.4
2013/6/14,8.4
2013/6/17,8.39
2013/6/18,8.45
2013/6/19,8.28
2013/6/20,7.84
2013/6/21,7.71
2013/6/24,7.01
2013/6/25,7.27
2013/6/26,7.24
2013/6/27,7.34
2013/6/28,7.71
2013/7/1,7.61
2013/7/2,7.59
2013/7/3,7.49
2013/7/4,7.57
2013/7/5,7.56
2013/7/8,7.37
2013/7/9,7.38
2013/7/10,7.56
2013/7/11,8.25
2013/7/12,7.91
2013/7/15,7.98
2013/7/16,7.96
2013/7/17,7.87
2013/7/18,7.64
2013/7/19,7.48
2013/7/22,7.41
2013/7/23,7.58
2013/7/24,7.45
2013/7/25,7.47
2013/7/26,7.43
2013/7/29,7.21
2013/7/30,7.3
2013/7/31,7.32
2013/8/1,7.44
2013/8/2,7.43
2013/8/5,7.51
2013/8/6,7.48
2013/8/7,7.46
2013/8/8,7.44
2013/8/9,7.46
2013/8/12,7.74
2013/8/13,7.84
2013/8/14,7.74
2013/8/15,7.66
2013/8/16,7.74
2013/8/19,7.87
2013/8/20,7.93
2013/8/21,7.87
2013/8/22,7.86
2013/8/23,7.84
2013/8/26,8.14
2013/8/27,8.34
2013/8/28,8.39
2013/8/29,8.31
2013/8/30,8.38
2013/9/2,8.36
2013/9/3,8.47
2013/9/4,8.52
2013/9/5,8.51
2013/9/6,8.92
2013/9/9,9.81
2013/9/10,10.62
2013/9/11,10.5
2013/9/12,11.41
2013/9/13,11.1
2013/9/16,10.7
2013/9/17,10.09
2013/9/18,10.25
2013/9/23,10.42
2013/9/24,10.07
2013/9/25,10.04
2013/9/26,9.48
2013/9/27,9.54
2013/9/30,9.4
2013/10/8,9.53
2013/10/9,9.57
2013/10/10,9.3
2013/10/11,9.83
2013/10/14,9.59
2013/10/15,9.42
2013/10/16,9.23
2013/10/17,9.15
2013/10/18,9.2
2013/10/21,9.43
2013/10/22,9.25
2013/10/23,9.34
2013/10/24,9.3
2013/10/25,9.38
2013/10/28,9.46
2013/10/29,9.76
2013/10/30,9.87
2013/10/31,9.62
2013/11/1,9.71
2013/11/4,9.6
2013/11/5,9.5
2013/11/6,9.34
2013/11/7,9.36
2013/11/8,9.3
2013/11/11,9.29
2013/11/12,9.43
2013/11/13,8.98
2013/11/14,8.84
2013/11/15,9.02
2013/11/18,9.41
2013/11/19,9.29
2013/11/20,9.36
2013/11/21,9.38
2013/11/22,9.37
2013/11/25,9.25
2013/11/26,9.22
2013/11/27,9.25
2013/11/28,9.28
2013/11/29,9.31
2013/12/2,9.61
2013/12/3,9.56
2013/12/4,9.69
2013/12/5,9.64
2013/12/6,9.52
2013/12/9,9.42
2013/12/10,9.45
2013/12/11,9.25
2013/12/12,9.2
2013/12/13,9.16
2013/12/16,9.07
2013/12/17,9.03
2013/12/18,9.05
2013/12/19,8.95
2013/12/20,8.72
2013/12/23,8.7
2013/12/24,8.7
2013/12/25,8.64
2013/12/26,8.47
2013/12/27,8.61
2013/12/30,8.57
2013/12/31,8.79
2014/1/2,8.69
2014/1/3,8.52
2014/1/6,8.56
2014/1/7,8.52
2014/1/8,8.57
2014/1/9,8.66
2014/1/10,8.77
2014/1/13,8.75
2014/1/14,8.76
2014/1/15,8.6
2014/1/16,8.55
2014/1/17,8.5
2014/1/20,8.45
2014/1/21,8.53
2014/1/22,8.7
2014/1/23,8.59
2014/1/24,8.6
2014/1/27,8.5
2014/1/28,8.56
2014/1/29,8.66
2014/1/30,8.54
2014/2/7,8.55
2014/2/10,8.66
2014/2/11,8.89
2014/2/12,8.85
2014/2/13,8.94
2014/2/14,8.93
2014/2/17,8.87
2014/2/18,8.63
2014/2/19,8.84
2014/2/20,8.75
2014/2/21,8.66
2014/2/24,8.39
2014/2/25,8.23
2014/2/26,8.25
2014/2/27,8.33
2014/2/28,8.3
2014/3/3,8.25
2014/3/4,8.26
2014/3/5,8.11
2014/3/6,8.2
2014/3/7,8.13
2014/3/10,7.86
2014/3/11,7.88
2014/3/12,7.98
2014/3/13,8.24
2014/3/14,8.38
2014/3/18,8.28
2014/3/19,8.43
2014/3/20,8.38
2014/3/21,9.21
2014/3/24,9.13
2014/3/25,9.08
2014/3/26,8.93
2014/3/27,9.03
2014/3/28,9.01
2014/3/31,9.06
2014/4/1,9.07
2014/4/2,9.26
2014/4/3,9.01
2014/4/4,9.07
2014/4/8,9.45
2014/4/9,9.41
2014/4/10,9.53
2014/4/11,9.55
2014/4/14,9.43
2014/4/15,9.18
2014/4/16,9.22
2014/4/17,9.09
2014/4/18,9.11
2014/4/21,9.05
2014/4/22,9.22
2014/4/23,9.2
2014/4/24,9.2
2014/4/25,9.17
2014/4/28,9.01
2014/4/29,9.13
2014/4/30,9.1
2014/5/5,9.07
2014/5/6,9.04
2014/5/7,9
2014/5/8,9.08
2014/5/9,9.09
2014/5/12,9.25
2014/5/13,9.22
2014/5/14,9.14
2014/5/15,9.07
2014/5/16,9.08
2014/5/19,8.87
2014/5/20,8.9
2014/5/21,8.94
2014/5/22,8.94
2014/5/23,9.04
2014/5/26,9.07
2014/5/27,9
2014/5/28,9.02
2014/5/29,8.96
2014/5/30,8.92
2014/6/3,8.89
2014/6/4,8.8
2014/6/5,8.96
2014/6/6,8.86
2014/6/9,8.89
2014/6/10,8.97
2014/6/11,8.93
2014/6/12,8.89
2014/6/13,9.07
2014/6/16,9.14
2014/6/17,9.07
2014/6/18,9.07
2014/6/19,8.98
2014/6/20,9.04
2014/6/23,9
2014/6/24,9.04
2014/6/25,8.98
2014/6/26,8.99
2014/6/27,8.97
2014/6/30,9.05
2014/7/1,9.06
2014/7/2,9.06
2014/7/3,9.07
2014/7/4,9.07
2014/7/7,9.05
2014/7/8,9.05
2014/7/9,8.92
2014/7/10,8.92
2014/7/11,8.94
2014/7/14,9
2014/7/15,9.01
2014/7/16,9.02
2014/7/17,8.99
2014/7/18,9.02
2014/7/21,8.98
2014/7/22,9.06
2014/7/23,9.08
2014/7/24,9.32
2014/7/25,9.39
2014/7/28,9.76
2014/7/29,9.78
2014/7/30,9.71
2014/7/31,9.8
2014/8/1,9.76
2014/8/4,9.92
2014/8/5,9.87
2014/8/6,9.74
2014/8/7,9.56
2014/8/8,9.54
2014/8/11,9.7
2014/8/12,9.64
2014/8/13,9.61
2014/8/14,9.6
2014/8/15,9.68
2014/8/18,9.72
2014/8/19,9.71
2014/8/20,9.64
2014/8/21,9.5
2014/8/22,9.54
2014/8/25,9.44
2014/8/26,9.46
2014/8/27,9.45
2014/8/28,9.36
2014/8/29,9.47
2014/9/1,9.49
2014/9/2,9.6
2014/9/3,9.68
2014/9/4,9.71
2014/9/5,9.74
2014/9/9,9.7
2014/9/10,9.59
2014/9/11,9.6
2014/9/12,9.6
2014/9/15,9.6
2014/9/16,9.62
2014/9/17,9.57
2014/9/18,9.73
2014/9/19,9.85
2014/9/22,9.61
2014/9/23,9.63
2014/9/24,9.76
2014/9/25,9.71
2014/9/26,9.72
2014/9/29,9.76
2014/9/30,9.75
2014/10/8,9.84
2014/10/9,9.85
2014/10/10,9.83
2014/10/13,9.73
2014/10/14,9.72
2014/10/15,9.79
2014/10/16,9.89
2014/10/17,9.85
2014/10/20,9.9
2014/10/21,9.78
2014/10/22,9.78
2014/10/23,9.75
2014/10/24,9.68
2014/10/27,9.47
2014/10/28,9.59
2014/10/29,9.7
2014/10/30,9.81
2014/10/31,10.2
2014/11/3,10.16
2014/11/4,10.07
2014/11/5,9.99
2014/11/6,10.03
2014/11/7,10.18
2014/11/10,10.55
2014/11/11,10.92
2014/11/12,11.05
2014/11/13,10.94
2014/11/14,10.9
2014/11/17,10.75
2014/11/18,10.45
2014/11/19,10.47
2014/11/20,10.57
2014/11/21,10.79
2014/11/24,10.86
2014/11/25,11.08
2014/11/26,11.32
2014/11/27,11.48
2014/11/28,12.4
2014/12/1,12.16
2014/12/2,12.87
2014/12/3,12.58
2014/12/4,13.27
2014/12/5,13.53
2014/12/8,13.81
2014/12/9,12.65
2014/12/10,13.16
2014/12/11,13.05
2014/12/12,12.98
2014/12/15,12.56
